timestamp,gas1,gas2,gas3,gas4
0,605.0,227.0,429.0,99.0
100,605.0,226.0,430.0,98.0
200,604.0,227.0,430.0,98.0
300,604.0,227.0,429.0,99.0
400,604.0,227.0,430.0,99.0
500,604.0,227.0,430.0,99.0
600,604.0,227.0,430.0,98.0
700,603.0,226.0,430.0,97.0
800,604.0,227.0,430.0,98.0
900,605.0,226.0,430.0,99.0
1000,605.0,226.0,430.0,98.0
1100,604.0,226.0,430.0,99.0
1200,604.0,227.0,430.0,98.0
1300,603.0,227.0,431.0,98.0
1400,604.0,226.0,430.0,98.0
1500,604.0,227.0,431.0,98.0
1600,604.0,226.0,431.0,98.0
1700,605.0,226.0,431.0,99.0
1800,604.0,227.0,431.0,99.0
1900,605.0,227.0,431.0,98.0
2000,605.0,227.0,431.0,99.0
2100,605.0,226.0,431.0,98.0
2200,604.0,226.0,432.0,98.0
2300,605.0,227.0,431.0,98.0
2400,605.0,227.0,431.0,98.0
2500,604.0,227.0,431.0,99.0
2600,605.0,226.0,431.0,98.0
2700,604.0,227.0,431.0,98.0
2800,604.0,227.0,431.0,99.0
2900,604.0,227.0,431.0,98.0
3000,604.0,227.0,430.0,98.0
3100,602.0,227.0,430.0,99.0
3200,602.0,227.0,430.0,98.0
3300,602.0,226.0,430.0,98.0
3400,601.0,226.0,430.0,98.0
3500,602.0,226.0,431.0,98.0
3600,600.0,227.0,430.0,98.0
3700,602.0,226.0,430.0,99.0
3800,601.0,226.0,429.0,98.0
3900,602.0,225.0,430.0,98.0
4000,602.0,226.0,430.0,98.0
4100,601.0,227.0,430.0,98.0
4200,602.0,226.0,430.0,98.0
4300,602.0,226.0,429.0,98.0
4400,602.0,226.0,430.0,98.0
4500,603.0,227.0,429.0,98.0
4600,604.0,226.0,429.0,98.0
4700,603.0,227.0,429.0,98.0
4800,604.0,227.0,429.0,98.0
4900,604.0,226.0,429.0,98.0
5000,604.0,227.0,429.0,98.0
5100,603.0,227.0,429.0,98.0
5200,604.0,227.0,430.0,98.0
5300,604.0,227.0,429.0,98.0
5400,604.0,227.0,429.0,98.0
5500,603.0,227.0,429.0,99.0
5600,603.0,227.0,429.0,98.0
5700,603.0,227.0,430.0,99.0
5800,603.0,227.0,428.0,98.0
5900,603.0,226.0,429.0,98.0
6000,603.0,227.0,429.0,98.0
6100,602.0,227.0,429.0,99.0
6200,601.0,227.0,428.0,98.0
6300,602.0,227.0,429.0,97.0
6400,601.0,226.0,428.0,98.0
6500,602.0,226.0,428.0,98.0
6600,602.0,226.0,429.0,98.0
6700,602.0,226.0,429.0,98.0
6800,602.0,227.0,428.0,98.0
6900,602.0,226.0,429.0,99.0
7000,602.0,227.0,429.0,99.0
7100,602.0,226.0,429.0,99.0
7200,602.0,227.0,429.0,98.0
7300,602.0,227.0,429.0,98.0
7400,603.0,227.0,429.0,98.0
7500,603.0,227.0,429.0,98.0
7600,603.0,226.0,430.0,98.0
7700,603.0,226.0,429.0,98.0
7800,603.0,227.0,429.0,98.0
7900,603.0,227.0,429.0,98.0
8000,602.0,228.0,430.0,98.0
8100,604.0,228.0,429.0,99.0
8200,604.0,227.0,430.0,98.0
8300,603.0,228.0,429.0,99.0
8400,603.0,226.0,429.0,98.0
8500,603.0,227.0,429.0,98.0
8600,604.0,227.0,429.0,98.0
8700,604.0,227.0,429.0,99.0
8800,604.0,227.0,428.0,97.0
8900,604.0,227.0,429.0,98.0
9000,604.0,227.0,428.0,98.0
9100,604.0,226.0,427.0,99.0
9200,605.0,227.0,429.0,98.0
9300,604.0,227.0,428.0,98.0
9400,604.0,227.0,428.0,98.0
9500,604.0,226.0,428.0,99.0
9600,603.0,226.0,428.0,98.0
9700,603.0,227.0,428.0,99.0
9800,603.0,226.0,428.0,98.0
9900,602.0,226.0,428.0,98.0
10000,602.0,225.0,428.0,98.0
10100,601.0,226.0,428.0,98.0
10200,601.0,227.0,428.0,98.0
10300,602.0,227.0,427.0,99.0
10400,601.0,226.0,428.0,98.0
10500,600.0,226.0,428.0,99.0
10600,601.0,227.0,427.0,98.0
10700,601.0,227.0,427.0,98.0
10800,601.0,228.0,427.0,98.0
10900,602.0,228.0,428.0,98.0
11000,601.0,228.0,427.0,98.0
11100,602.0,227.0,427.0,99.0
11200,601.0,228.0,427.0,98.0
11300,602.0,228.0,427.0,99.0
11400,602.0,228.0,427.0,98.0
11500,602.0,227.0,427.0,99.0
11600,603.0,227.0,428.0,99.0
11700,604.0,227.0,427.0,97.0
11800,603.0,226.0,427.0,98.0
11900,604.0,227.0,427.0,97.0
12000,604.0,227.0,428.0,98.0
12100,603.0,227.0,428.0,98.0
12200,603.0,226.0,427.0,98.0
12300,602.0,227.0,427.0,98.0
12400,603.0,227.0,427.0,98.0
12500,603.0,226.0,426.0,98.0
12600,603.0,226.0,427.0,98.0
12700,603.0,226.0,427.0,98.0
12800,602.0,227.0,426.0,98.0
12900,603.0,226.0,427.0,98.0
13000,602.0,226.0,427.0,98.0
13100,601.0,226.0,426.0,98.0
13200,601.0,227.0,426.0,98.0
13300,601.0,227.0,426.0,98.0
13400,601.0,227.0,426.0,98.0
13500,600.0,228.0,427.0,97.0
13600,600.0,227.0,426.0,97.0
13700,600.0,227.0,426.0,97.0
13800,600.0,227.0,425.0,98.0
13900,600.0,227.0,425.0,97.0
14000,600.0,227.0,426.0,98.0
14100,600.0,228.0,425.0,98.0
14200,600.0,227.0,425.0,98.0
14300,600.0,227.0,425.0,97.0
14400,600.0,227.0,425.0,97.0
14500,600.0,226.0,425.0,97.0
14600,601.0,227.0,424.0,97.0
14700,600.0,227.0,425.0,98.0
14800,601.0,227.0,425.0,98.0
14900,601.0,227.0,425.0,98.0
15000,602.0,226.0,424.0,97.0
15100,602.0,226.0,425.0,96.0
15200,602.0,226.0,425.0,96.0
15300,602.0,226.0,424.0,98.0
15400,602.0,227.0,424.0,98.0
15500,602.0,227.0,424.0,98.0
15600,601.0,226.0,424.0,97.0
15700,602.0,226.0,424.0,97.0
15800,600.0,227.0,423.0,97.0
15900,601.0,226.0,423.0,97.0
16000,600.0,226.0,423.0,97.0
16100,600.0,226.0,423.0,97.0
16200,599.0,227.0,424.0,97.0
16300,600.0,227.0,424.0,97.0
16400,599.0,227.0,424.0,97.0
16500,599.0,228.0,424.0,97.0
16600,600.0,228.0,424.0,97.0
16700,599.0,227.0,423.0,98.0
16800,599.0,227.0,424.0,97.0
16900,599.0,227.0,423.0,97.0
17000,599.0,228.0,423.0,97.0
17100,599.0,227.0,423.0,97.0
17200,599.0,227.0,423.0,97.0
17300,599.0,227.0,423.0,97.0
17400,600.0,227.0,422.0,97.0
17500,599.0,227.0,423.0,97.0
17600,599.0,227.0,422.0,97.0
17700,599.0,227.0,422.0,97.0
17800,600.0,227.0,423.0,97.0
17900,600.0,227.0,422.0,97.0
18000,600.0,227.0,422.0,97.0
18100,601.0,226.0,423.0,98.0
18200,601.0,227.0,422.0,97.0
18300,602.0,226.0,422.0,97.0
18400,602.0,226.0,423.0,97.0
18500,601.0,226.0,422.0,97.0
18600,601.0,227.0,422.0,97.0
18700,601.0,227.0,421.0,96.0
18800,602.0,226.0,422.0,97.0
18900,601.0,227.0,421.0,97.0
19000,601.0,227.0,422.0,97.0
19100,600.0,227.0,422.0,97.0
19200,601.0,226.0,421.0,97.0
19300,601.0,227.0,422.0,97.0
19400,600.0,227.0,422.0,97.0
19500,600.0,227.0,421.0,97.0
19600,599.0,228.0,422.0,97.0
19700,599.0,228.0,421.0,97.0
19800,599.0,227.0,421.0,97.0
19900,598.0,226.0,421.0,97.0
20000,599.0,227.0,421.0,97.0
20100,598.0,227.0,421.0,97.0
20200,598.0,227.0,420.0,97.0
20300,599.0,227.0,420.0,97.0
20400,598.0,226.0,422.0,97.0
20500,599.0,226.0,420.0,97.0
20600,599.0,227.0,421.0,96.0
20700,598.0,226.0,422.0,97.0
20800,599.0,227.0,421.0,96.0
20900,599.0,226.0,421.0,97.0
21000,600.0,226.0,420.0,97.0
21100,600.0,226.0,421.0,97.0
21200,601.0,226.0,420.0,98.0
21300,602.0,227.0,421.0,97.0
21400,601.0,227.0,422.0,97.0
21500,602.0,227.0,421.0,97.0
21600,602.0,227.0,420.0,97.0
21700,602.0,226.0,421.0,97.0
21800,602.0,226.0,420.0,97.0
21900,601.0,226.0,421.0,97.0
22000,602.0,226.0,420.0,97.0
22100,600.0,226.0,420.0,97.0
22200,601.0,227.0,420.0,96.0
22300,601.0,228.0,420.0,96.0
22400,600.0,227.0,421.0,97.0
22500,600.0,227.0,421.0,97.0
22600,598.0,227.0,421.0,96.0
22700,599.0,227.0,421.0,96.0
22800,599.0,227.0,420.0,97.0
22900,599.0,226.0,421.0,97.0
23000,598.0,227.0,420.0,97.0
23100,599.0,226.0,420.0,97.0
23200,598.0,226.0,420.0,98.0
23300,599.0,226.0,420.0,97.0
23400,599.0,226.0,420.0,97.0
23500,599.0,226.0,420.0,97.0
23600,600.0,227.0,421.0,97.0
23700,600.0,226.0,420.0,97.0
23800,601.0,226.0,420.0,97.0
23900,601.0,226.0,420.0,97.0
24000,601.0,226.0,421.0,97.0
24100,601.0,226.0,420.0,97.0
24200,601.0,226.0,420.0,97.0
24300,602.0,226.0,421.0,96.0
24400,601.0,225.0,421.0,96.0
24500,602.0,226.0,420.0,97.0
24600,601.0,227.0,420.0,98.0
24700,601.0,227.0,420.0,97.0
24800,601.0,227.0,421.0,97.0
24900,601.0,227.0,420.0,97.0
25000,601.0,227.0,421.0,97.0
25100,601.0,227.0,421.0,97.0
25200,601.0,227.0,421.0,97.0
25300,600.0,227.0,421.0,97.0
25400,599.0,227.0,421.0,97.0
25500,599.0,226.0,420.0,98.0
25600,599.0,226.0,421.0,97.0
25700,599.0,227.0,420.0,97.0
25800,598.0,226.0,421.0,98.0
25900,599.0,227.0,420.0,98.0
26000,599.0,226.0,421.0,98.0
26100,599.0,226.0,421.0,97.0
26200,599.0,226.0,420.0,97.0
26300,599.0,227.0,420.0,96.0
26400,601.0,226.0,422.0,97.0
26500,601.0,226.0,421.0,97.0
26600,601.0,226.0,421.0,98.0
26700,602.0,226.0,421.0,97.0
26800,602.0,226.0,421.0,97.0
26900,602.0,226.0,422.0,97.0
27000,602.0,226.0,421.0,98.0
27100,602.0,226.0,420.0,98.0
27200,602.0,226.0,422.0,97.0
27300,602.0,226.0,422.0,98.0
27400,602.0,226.0,421.0,98.0
27500,602.0,227.0,422.0,97.0
27600,602.0,226.0,422.0,98.0
27700,601.0,227.0,421.0,97.0
27800,602.0,227.0,422.0,98.0
27900,602.0,227.0,423.0,98.0
28000,601.0,227.0,422.0,97.0
28100,601.0,227.0,421.0,97.0
28200,601.0,226.0,421.0,98.0
28300,601.0,227.0,422.0,98.0
28400,600.0,227.0,422.0,97.0
28500,600.0,226.0,422.0,98.0
28600,600.0,226.0,422.0,97.0
28700,600.0,226.0,421.0,97.0
28800,599.0,226.0,422.0,98.0
28900,599.0,226.0,421.0,97.0
29000,599.0,226.0,421.0,98.0
29100,599.0,226.0,421.0,98.0
29200,599.0,226.0,421.0,98.0
29300,599.0,226.0,421.0,98.0
29400,600.0,226.0,420.0,98.0
29500,599.0,226.0,421.0,98.0
29600,600.0,226.0,421.0,98.0
29700,600.0,227.0,421.0,98.0
29800,600.0,226.0,421.0,98.0
29900,601.0,226.0,420.0,97.0
30000,601.0,226.0,421.0,97.0
30100,601.0,226.0,421.0,97.0
30200,602.0,226.0,420.0,97.0
30300,602.0,227.0,419.0,97.0
30400,602.0,226.0,419.0,97.0
30500,601.0,226.0,420.0,97.0
30600,602.0,227.0,420.0,97.0
30700,602.0,227.0,420.0,97.0
30800,602.0,227.0,421.0,98.0
30900,601.0,227.0,420.0,97.0
31000,601.0,227.0,420.0,97.0
31100,601.0,227.0,420.0,97.0
31200,600.0,227.0,420.0,97.0
31300,600.0,226.0,420.0,98.0
31400,599.0,226.0,420.0,97.0
31500,599.0,227.0,420.0,98.0
31600,599.0,226.0,419.0,97.0
31700,599.0,226.0,420.0,97.0
31800,598.0,226.0,420.0,98.0
31900,599.0,226.0,420.0,98.0
32000,598.0,226.0,420.0,97.0
32100,599.0,226.0,420.0,98.0
32200,599.0,226.0,419.0,97.0
32300,599.0,226.0,420.0,96.0
32400,601.0,226.0,419.0,97.0
32500,601.0,226.0,420.0,98.0
32600,601.0,226.0,420.0,97.0
32700,601.0,226.0,421.0,98.0
32800,602.0,225.0,420.0,98.0
32900,601.0,227.0,420.0,97.0
33000,602.0,226.0,421.0,97.0
33100,602.0,226.0,421.0,98.0
33200,602.0,227.0,420.0,97.0
33300,603.0,227.0,421.0,98.0
33400,602.0,227.0,421.0,98.0
33500,601.0,227.0,421.0,98.0
33600,601.0,227.0,420.0,97.0
33700,602.0,227.0,420.0,98.0
33800,602.0,228.0,421.0,97.0
33900,601.0,227.0,421.0,98.0
34000,602.0,228.0,420.0,97.0
34100,601.0,227.0,421.0,96.0
34200,602.0,227.0,421.0,97.0
34300,600.0,227.0,421.0,97.0
34400,600.0,227.0,421.0,97.0
34500,600.0,226.0,421.0,98.0
34600,600.0,227.0,421.0,97.0
34700,599.0,226.0,421.0,98.0
34800,599.0,226.0,421.0,97.0
34900,600.0,225.0,421.0,98.0
35000,599.0,226.0,421.0,98.0
35100,599.0,225.0,422.0,98.0
35200,599.0,225.0,421.0,98.0
35300,600.0,226.0,421.0,97.0
35400,601.0,226.0,422.0,97.0
35500,601.0,226.0,422.0,97.0
35600,601.0,226.0,421.0,98.0
35700,602.0,227.0,421.0,98.0
35800,603.0,226.0,422.0,97.0
35900,602.0,226.0,421.0,97.0
36000,603.0,226.0,420.0,98.0
36100,601.0,226.0,421.0,98.0
36200,602.0,226.0,421.0,98.0
36300,603.0,227.0,422.0,97.0
36400,602.0,226.0,422.0,97.0
36500,603.0,226.0,422.0,98.0
36600,603.0,227.0,421.0,98.0
36700,602.0,227.0,420.0,98.0
36800,602.0,227.0,422.0,97.0
36900,601.0,227.0,421.0,98.0
37000,601.0,226.0,421.0,98.0
37100,601.0,227.0,420.0,97.0
37200,601.0,225.0,420.0,98.0
37300,600.0,226.0,422.0,98.0
37400,601.0,226.0,421.0,98.0
37500,599.0,226.0,420.0,98.0
37600,600.0,225.0,421.0,98.0
37700,599.0,226.0,420.0,97.0
37800,599.0,227.0,421.0,97.0
37900,598.0,226.0,420.0,97.0
38000,599.0,227.0,420.0,98.0
38100,599.0,226.0,420.0,97.0
38200,600.0,226.0,420.0,97.0
38300,600.0,226.0,420.0,97.0
38400,601.0,226.0,420.0,97.0
38500,600.0,226.0,420.0,97.0
38600,600.0,227.0,419.0,97.0
38700,601.0,227.0,420.0,97.0
38800,602.0,226.0,420.0,98.0
38900,601.0,226.0,419.0,97.0
39000,602.0,227.0,419.0,97.0
39100,602.0,227.0,420.0,97.0
39200,603.0,227.0,419.0,97.0
39300,602.0,227.0,419.0,97.0
39400,602.0,227.0,419.0,97.0
39500,602.0,227.0,419.0,98.0
39600,601.0,227.0,419.0,98.0
39700,601.0,227.0,419.0,97.0
39800,600.0,227.0,420.0,97.0
39900,601.0,227.0,419.0,98.0
40000,601.0,226.0,420.0,97.0
40100,600.0,226.0,419.0,97.0
40200,600.0,227.0,420.0,97.0
40300,600.0,226.0,420.0,98.0
40400,599.0,227.0,419.0,97.0
40500,599.0,226.0,419.0,97.0
40600,598.0,226.0,419.0,97.0
40700,598.0,226.0,418.0,96.0
40800,599.0,226.0,419.0,97.0
40900,599.0,226.0,418.0,97.0
41000,599.0,226.0,418.0,97.0
41100,598.0,226.0,418.0,97.0
41200,600.0,227.0,419.0,97.0
41300,599.0,227.0,419.0,97.0
41400,600.0,227.0,419.0,98.0
41500,601.0,227.0,419.0,98.0
41600,600.0,227.0,419.0,97.0
41700,601.0,227.0,417.0,97.0
41800,602.0,227.0,419.0,97.0
41900,601.0,227.0,417.0,97.0
42000,601.0,227.0,418.0,97.0
42100,602.0,228.0,418.0,97.0
42200,602.0,227.0,419.0,97.0
42300,601.0,227.0,419.0,97.0
42400,601.0,227.0,418.0,97.0
42500,601.0,227.0,418.0,97.0
42600,600.0,227.0,418.0,97.0
42700,601.0,226.0,418.0,97.0
42800,600.0,227.0,418.0,98.0
42900,599.0,227.0,418.0,97.0
43000,600.0,226.0,418.0,98.0
43100,599.0,227.0,419.0,97.0
43200,598.0,227.0,419.0,98.0
43300,598.0,227.0,417.0,97.0
43400,599.0,226.0,418.0,97.0
43500,598.0,227.0,418.0,98.0
43600,599.0,226.0,419.0,98.0
43700,599.0,227.0,418.0,97.0
43800,598.0,227.0,419.0,97.0
43900,599.0,227.0,419.0,97.0
44000,599.0,227.0,418.0,97.0
44100,600.0,227.0,418.0,97.0
44200,601.0,226.0,419.0,98.0
44300,600.0,227.0,419.0,98.0
44400,601.0,226.0,419.0,97.0
44500,601.0,226.0,419.0,97.0
44600,602.0,227.0,418.0,98.0
44700,601.0,227.0,418.0,97.0
44800,601.0,228.0,419.0,98.0
44900,601.0,227.0,418.0,97.0
45000,601.0,227.0,419.0,98.0
45100,602.0,227.0,418.0,97.0
45200,601.0,227.0,419.0,98.0
45300,602.0,227.0,418.0,97.0
45400,601.0,227.0,419.0,98.0
45500,601.0,227.0,418.0,97.0
45600,601.0,227.0,418.0,97.0
45700,601.0,228.0,418.0,98.0
45800,600.0,228.0,419.0,97.0
45900,600.0,227.0,418.0,98.0
46000,598.0,227.0,419.0,97.0
46100,599.0,227.0,419.0,98.0
46200,599.0,227.0,418.0,97.0
46300,598.0,227.0,418.0,97.0
46400,599.0,227.0,417.0,97.0
46500,598.0,226.0,418.0,97.0
46600,599.0,227.0,417.0,97.0
46700,599.0,227.0,418.0,97.0
46800,599.0,227.0,418.0,97.0
46900,600.0,227.0,417.0,97.0
47000,599.0,227.0,418.0,97.0
47100,600.0,227.0,417.0,97.0
47200,600.0,226.0,418.0,98.0
47300,600.0,226.0,417.0,97.0
47400,600.0,227.0,417.0,97.0
47500,601.0,227.0,417.0,97.0
47600,601.0,227.0,417.0,96.0
47700,601.0,227.0,418.0,97.0
47800,601.0,227.0,418.0,97.0
47900,602.0,227.0,418.0,97.0
48000,601.0,226.0,417.0,97.0
48100,602.0,227.0,417.0,97.0
48200,601.0,227.0,418.0,97.0
48300,601.0,227.0,417.0,97.0
48400,601.0,227.0,418.0,97.0
48500,601.0,226.0,417.0,98.0
48600,600.0,227.0,418.0,98.0
48700,600.0,227.0,418.0,97.0
48800,600.0,227.0,418.0,97.0
48900,600.0,227.0,417.0,97.0
49000,599.0,227.0,418.0,97.0
49100,598.0,227.0,418.0,98.0
49200,598.0,227.0,418.0,98.0
49300,599.0,226.0,418.0,98.0
49400,599.0,227.0,418.0,98.0
49500,598.0,227.0,418.0,97.0
49600,599.0,226.0,418.0,98.0
49700,599.0,226.0,417.0,97.0
49800,599.0,226.0,418.0,98.0
49900,599.0,227.0,418.0,97.0
50000,600.0,227.0,418.0,98.0
50100,600.0,227.0,418.0,98.0
50200,600.0,228.0,418.0,98.0
50300,601.0,227.0,418.0,97.0
50400,601.0,228.0,417.0,97.0
50500,602.0,227.0,417.0,97.0
50600,602.0,227.0,419.0,97.0
50700,602.0,227.0,418.0,97.0
50800,602.0,227.0,419.0,97.0
50900,602.0,227.0,419.0,97.0
51000,602.0,228.0,419.0,98.0
51100,602.0,228.0,419.0,98.0
51200,602.0,227.0,418.0,98.0
51300,601.0,227.0,419.0,97.0
51400,601.0,227.0,419.0,98.0
51500,602.0,227.0,419.0,98.0
51600,602.0,227.0,418.0,97.0
51700,601.0,227.0,419.0,97.0
51800,602.0,226.0,419.0,98.0
51900,601.0,227.0,419.0,98.0
52000,602.0,227.0,419.0,98.0
52100,602.0,227.0,419.0,98.0
52200,601.0,226.0,419.0,98.0
52300,602.0,226.0,420.0,97.0
52400,602.0,227.0,419.0,98.0
52500,602.0,226.0,420.0,97.0
52600,601.0,227.0,420.0,98.0
52700,602.0,227.0,420.0,97.0
52800,600.0,227.0,420.0,98.0
52900,601.0,227.0,419.0,98.0
53000,601.0,227.0,420.0,98.0
53100,600.0,227.0,419.0,98.0
53200,600.0,228.0,420.0,98.0
53300,600.0,227.0,419.0,98.0
53400,600.0,228.0,418.0,96.0
53500,600.0,228.0,419.0,98.0
53600,600.0,228.0,419.0,97.0
53700,599.0,228.0,418.0,96.0
53800,599.0,228.0,419.0,98.0
53900,598.0,227.0,419.0,98.0
54000,599.0,228.0,419.0,97.0
54100,600.0,228.0,419.0,97.0
54200,601.0,227.0,418.0,97.0
54300,601.0,228.0,419.0,97.0
54400,601.0,227.0,418.0,98.0
54500,601.0,227.0,418.0,97.0
54600,602.0,227.0,419.0,98.0
54700,603.0,227.0,419.0,98.0
54800,603.0,226.0,419.0,98.0
54900,603.0,227.0,418.0,98.0
55000,602.0,226.0,418.0,97.0
55100,601.0,227.0,418.0,98.0
55200,602.0,227.0,418.0,98.0
55300,602.0,226.0,419.0,98.0
55400,602.0,227.0,419.0,98.0
55500,602.0,227.0,419.0,98.0
55600,602.0,227.0,418.0,98.0
55700,601.0,228.0,418.0,97.0
55800,601.0,227.0,419.0,97.0
55900,602.0,227.0,419.0,98.0
56000,601.0,227.0,419.0,97.0
56100,602.0,227.0,419.0,98.0
56200,600.0,227.0,419.0,98.0
56300,600.0,226.0,419.0,98.0
56400,600.0,227.0,419.0,98.0
56500,599.0,226.0,419.0,98.0
56600,600.0,227.0,418.0,98.0
56700,598.0,227.0,418.0,98.0
56800,599.0,228.0,419.0,98.0
56900,600.0,227.0,419.0,97.0
57000,599.0,227.0,419.0,98.0
57100,600.0,226.0,419.0,97.0
57200,601.0,226.0,419.0,98.0
57300,601.0,226.0,419.0,97.0
57400,601.0,227.0,419.0,98.0
57500,602.0,227.0,419.0,98.0
57600,602.0,226.0,419.0,98.0
57700,603.0,226.0,419.0,97.0
57800,602.0,227.0,419.0,98.0
57900,603.0,227.0,420.0,98.0
58000,603.0,227.0,419.0,98.0
58100,602.0,226.0,419.0,98.0
58200,602.0,226.0,419.0,97.0
58300,603.0,226.0,419.0,98.0
58400,602.0,226.0,418.0,98.0
58500,601.0,227.0,419.0,98.0
58600,602.0,227.0,419.0,97.0
58700,602.0,227.0,420.0,98.0
58800,602.0,226.0,420.0,98.0
58900,601.0,227.0,420.0,97.0
59000,602.0,227.0,419.0,98.0
59100,601.0,227.0,420.0,98.0
59200,602.0,228.0,419.0,98.0
59300,602.0,228.0,420.0,98.0
59400,602.0,227.0,419.0,97.0
59500,602.0,228.0,420.0,98.0
59600,601.0,227.0,420.0,98.0
59700,602.0,227.0,420.0,98.0
59800,602.0,227.0,420.0,98.0
59900,602.0,227.0,419.0,98.0
60000,601.0,227.0,420.0,98.0
60100,601.0,226.0,420.0,99.0
60200,601.0,226.0,419.0,98.0
60300,600.0,226.0,421.0,98.0
60400,600.0,226.0,420.0,98.0
60500,601.0,225.0,420.0,98.0
60600,601.0,227.0,421.0,98.0
60700,600.0,227.0,420.0,98.0
60800,602.0,227.0,421.0,98.0
60900,601.0,227.0,421.0,99.0
61000,600.0,226.0,420.0,98.0
61100,601.0,226.0,421.0,98.0
61200,601.0,226.0,421.0,97.0
61300,601.0,226.0,420.0,99.0
61400,601.0,226.0,420.0,98.0
61500,602.0,227.0,421.0,98.0
61600,602.0,227.0,421.0,98.0
61700,602.0,226.0,421.0,99.0
61800,602.0,226.0,421.0,97.0
61900,604.0,227.0,420.0,99.0
62000,603.0,226.0,421.0,97.0
62100,603.0,227.0,422.0,99.0
62200,602.0,226.0,421.0,98.0
62300,602.0,227.0,422.0,98.0
62400,603.0,226.0,422.0,98.0
62500,603.0,226.0,421.0,98.0
62600,602.0,227.0,422.0,98.0
62700,603.0,226.0,422.0,98.0
62800,603.0,226.0,422.0,98.0
62900,603.0,227.0,423.0,98.0
63000,603.0,226.0,422.0,98.0
63100,603.0,227.0,422.0,97.0
63200,603.0,226.0,423.0,99.0
63300,602.0,226.0,423.0,98.0
63400,602.0,226.0,423.0,97.0
63500,603.0,226.0,423.0,97.0
63600,602.0,226.0,423.0,99.0
63700,602.0,226.0,423.0,99.0
63800,602.0,225.0,423.0,98.0
63900,602.0,226.0,423.0,98.0
64000,602.0,227.0,423.0,98.0
64100,603.0,226.0,423.0,98.0
64200,603.0,226.0,423.0,98.0
64300,603.0,226.0,424.0,97.0
64400,603.0,227.0,423.0,99.0
64500,603.0,226.0,423.0,97.0
64600,603.0,227.0,424.0,98.0
64700,603.0,226.0,424.0,98.0
64800,603.0,226.0,424.0,98.0
64900,603.0,226.0,424.0,98.0
65000,602.0,227.0,424.0,98.0
65100,603.0,226.0,424.0,98.0
65200,603.0,226.0,424.0,99.0
65300,602.0,226.0,424.0,98.0
65400,603.0,227.0,423.0,98.0
65500,602.0,225.0,424.0,99.0
65600,601.0,226.0,424.0,98.0
65700,601.0,225.0,424.0,98.0
65800,600.0,226.0,423.0,99.0
65900,601.0,226.0,423.0,98.0
66000,600.0,226.0,424.0,99.0
66100,600.0,225.0,424.0,98.0
66200,600.0,226.0,424.0,98.0
66300,600.0,225.0,423.0,98.0
66400,601.0,226.0,424.0,98.0
66500,599.0,225.0,424.0,98.0
66600,599.0,226.0,423.0,97.0
66700,601.0,226.0,423.0,98.0
66800,600.0,225.0,424.0,97.0
66900,600.0,227.0,423.0,98.0
67000,600.0,227.0,423.0,98.0
67100,601.0,226.0,423.0,98.0
67200,601.0,226.0,423.0,98.0
67300,601.0,226.0,422.0,98.0
67400,602.0,226.0,423.0,98.0
67500,601.0,226.0,422.0,98.0
67600,602.0,227.0,423.0,97.0
67700,602.0,225.0,422.0,98.0
67800,602.0,226.0,421.0,98.0
67900,602.0,226.0,422.0,98.0
68000,603.0,227.0,422.0,98.0
68100,602.0,226.0,422.0,98.0
68200,602.0,226.0,422.0,98.0
68300,602.0,226.0,422.0,98.0
68400,602.0,226.0,421.0,98.0
68500,601.0,226.0,422.0,97.0
68600,601.0,225.0,422.0,98.0
68700,602.0,225.0,422.0,97.0
68800,601.0,225.0,421.0,98.0
68900,600.0,225.0,422.0,98.0
69000,601.0,226.0,422.0,98.0
69100,599.0,226.0,422.0,97.0
69200,600.0,226.0,421.0,98.0
69300,600.0,226.0,422.0,98.0
69400,599.0,226.0,422.0,97.0
69500,599.0,226.0,422.0,97.0
69600,600.0,226.0,422.0,97.0
69700,600.0,226.0,422.0,98.0
69800,600.0,227.0,422.0,98.0
69900,600.0,226.0,422.0,98.0
70000,601.0,227.0,422.0,98.0
70100,602.0,227.0,422.0,98.0
70200,601.0,226.0,422.0,98.0
70300,601.0,226.0,423.0,98.0
70400,602.0,226.0,423.0,99.0
70500,602.0,227.0,423.0,98.0
70600,603.0,226.0,422.0,98.0
70700,602.0,225.0,422.0,98.0
70800,603.0,226.0,423.0,98.0
70900,601.0,226.0,422.0,98.0
71000,603.0,226.0,422.0,98.0
71100,603.0,226.0,423.0,98.0
71200,601.0,225.0,423.0,98.0
71300,601.0,226.0,423.0,98.0
71400,601.0,225.0,423.0,98.0
71500,602.0,226.0,422.0,98.0
71600,603.0,226.0,422.0,98.0
71700,602.0,226.0,423.0,99.0
71800,603.0,225.0,423.0,97.0
71900,602.0,226.0,423.0,98.0
72000,602.0,226.0,423.0,98.0
72100,602.0,225.0,423.0,98.0
72200,602.0,226.0,423.0,98.0
72300,602.0,226.0,423.0,98.0
72400,602.0,226.0,423.0,98.0
72500,602.0,226.0,423.0,98.0
72600,601.0,226.0,424.0,98.0
72700,601.0,227.0,423.0,98.0
72800,601.0,226.0,423.0,98.0
72900,602.0,227.0,424.0,99.0
73000,602.0,227.0,424.0,98.0
73100,601.0,227.0,424.0,98.0
73200,601.0,227.0,424.0,98.0
73300,600.0,227.0,424.0,98.0
73400,600.0,227.0,423.0,99.0
73500,601.0,227.0,423.0,99.0
73600,601.0,226.0,424.0,98.0
73700,599.0,225.0,423.0,98.0
73800,600.0,226.0,423.0,98.0
73900,601.0,226.0,423.0,98.0
74000,601.0,226.0,423.0,97.0
74100,601.0,226.0,422.0,98.0
74200,602.0,225.0,423.0,98.0
74300,602.0,226.0,423.0,98.0
74400,602.0,226.0,423.0,98.0
74500,602.0,226.0,423.0,98.0
74600,602.0,226.0,423.0,98.0
74700,603.0,226.0,423.0,98.0
74800,603.0,226.0,422.0,98.0
74900,602.0,226.0,423.0,98.0
75000,602.0,226.0,423.0,98.0
75100,603.0,227.0,423.0,97.0
75200,602.0,226.0,423.0,97.0
75300,602.0,227.0,423.0,97.0
75400,602.0,227.0,422.0,98.0
75500,603.0,226.0,422.0,98.0
75600,602.0,226.0,422.0,98.0
75700,602.0,226.0,423.0,98.0
75800,601.0,227.0,423.0,98.0
75900,601.0,226.0,422.0,99.0
76000,601.0,226.0,422.0,98.0
76100,602.0,227.0,423.0,98.0
76200,601.0,227.0,422.0,98.0
76300,601.0,227.0,422.0,99.0
76400,601.0,227.0,422.0,98.0
76500,601.0,226.0,422.0,99.0
76600,600.0,225.0,422.0,98.0
76700,600.0,226.0,423.0,98.0
76800,600.0,226.0,422.0,98.0
76900,599.0,226.0,422.0,98.0
77000,599.0,226.0,423.0,98.0
77100,600.0,226.0,422.0,98.0
77200,599.0,226.0,422.0,98.0
77300,600.0,226.0,422.0,98.0
77400,600.0,225.0,421.0,98.0
77500,600.0,225.0,422.0,98.0
77600,601.0,226.0,422.0,97.0
77700,601.0,226.0,422.0,98.0
77800,600.0,226.0,422.0,99.0
77900,601.0,227.0,422.0,98.0
78000,601.0,227.0,422.0,97.0
78100,602.0,226.0,422.0,98.0
78200,601.0,227.0,423.0,98.0
78300,602.0,227.0,422.0,99.0
78400,602.0,227.0,422.0,98.0
78500,603.0,226.0,422.0,98.0
78600,601.0,227.0,423.0,98.0
78700,602.0,226.0,423.0,98.0
78800,602.0,226.0,423.0,99.0
78900,602.0,226.0,423.0,98.0
79000,602.0,226.0,422.0,98.0
79100,602.0,227.0,423.0,98.0
79200,602.0,226.0,423.0,98.0
79300,601.0,226.0,423.0,98.0
79400,602.0,226.0,423.0,98.0
79500,602.0,226.0,424.0,98.0
79600,601.0,226.0,424.0,98.0
79700,602.0,226.0,424.0,99.0
79800,602.0,225.0,423.0,98.0
79900,601.0,226.0,423.0,97.0
80000,602.0,225.0,424.0,98.0
80100,601.0,225.0,423.0,98.0
80200,600.0,226.0,424.0,99.0
80300,602.0,226.0,424.0,98.0
80400,602.0,226.0,424.0,98.0
80500,601.0,226.0,424.0,98.0
80600,603.0,226.0,424.0,99.0
80700,602.0,226.0,424.0,99.0
80800,602.0,227.0,424.0,98.0
80900,603.0,226.0,424.0,98.0
81000,602.0,227.0,424.0,98.0
81100,602.0,227.0,425.0,99.0
81200,603.0,226.0,424.0,98.0
81300,602.0,226.0,424.0,98.0
81400,602.0,226.0,424.0,99.0
81500,602.0,226.0,424.0,98.0
81600,601.0,226.0,423.0,97.0
81700,601.0,226.0,424.0,99.0
81800,600.0,226.0,424.0,98.0
81900,600.0,225.0,423.0,98.0
82000,600.0,225.0,424.0,98.0
82100,600.0,225.0,423.0,98.0
82200,599.0,225.0,423.0,98.0
82300,600.0,225.0,423.0,98.0
82400,600.0,225.0,422.0,98.0
82500,600.0,225.0,422.0,97.0
82600,600.0,226.0,422.0,98.0
82700,601.0,225.0,423.0,97.0
82800,602.0,225.0,423.0,98.0
82900,602.0,225.0,423.0,98.0
83000,602.0,226.0,423.0,98.0
83100,602.0,225.0,423.0,97.0
83200,603.0,226.0,423.0,97.0
83300,603.0,226.0,423.0,98.0
83400,603.0,225.0,423.0,97.0
83500,603.0,226.0,423.0,97.0
83600,603.0,226.0,422.0,97.0
83700,603.0,226.0,423.0,96.0
83800,602.0,226.0,424.0,98.0
83900,603.0,226.0,423.0,97.0
84000,603.0,226.0,423.0,98.0
84100,603.0,226.0,423.0,97.0
84200,602.0,226.0,423.0,97.0
84300,602.0,226.0,423.0,97.0
84400,602.0,226.0,424.0,98.0
84500,603.0,226.0,422.0,98.0
84600,602.0,226.0,423.0,98.0
84700,603.0,226.0,423.0,97.0
84800,603.0,226.0,423.0,97.0
84900,603.0,226.0,424.0,98.0
85000,603.0,226.0,423.0,98.0
85100,603.0,225.0,423.0,97.0
85200,604.0,226.0,422.0,98.0
85300,604.0,225.0,423.0,97.0
85400,603.0,225.0,423.0,98.0
85500,603.0,225.0,423.0,97.0
85600,603.0,225.0,423.0,98.0
85700,602.0,225.0,423.0,98.0
85800,602.0,225.0,423.0,98.0
85900,601.0,226.0,423.0,97.0
86000,600.0,226.0,422.0,97.0
86100,600.0,225.0,423.0,98.0
86200,601.0,226.0,423.0,97.0
86300,599.0,226.0,423.0,97.0
86400,600.0,226.0,423.0,98.0
86500,600.0,226.0,422.0,97.0
86600,600.0,226.0,422.0,96.0
86700,601.0,226.0,423.0,97.0
86800,600.0,226.0,423.0,97.0
86900,600.0,227.0,423.0,97.0
87000,601.0,226.0,422.0,98.0
87100,602.0,226.0,422.0,98.0
87200,602.0,227.0,422.0,97.0
87300,602.0,225.0,422.0,97.0
87400,602.0,226.0,422.0,98.0
87500,603.0,226.0,423.0,97.0
87600,603.0,225.0,423.0,97.0
87700,603.0,226.0,424.0,97.0
87800,603.0,226.0,423.0,98.0
87900,603.0,225.0,423.0,98.0
88000,603.0,225.0,423.0,97.0
88100,604.0,225.0,423.0,97.0
88200,604.0,226.0,424.0,97.0
88300,603.0,225.0,424.0,97.0
88400,603.0,225.0,423.0,98.0
88500,603.0,225.0,424.0,97.0
88600,603.0,225.0,424.0,98.0
88700,602.0,225.0,424.0,98.0
88800,602.0,226.0,424.0,97.0
88900,602.0,226.0,424.0,98.0
89000,602.0,225.0,425.0,98.0
89100,603.0,226.0,424.0,97.0
89200,604.0,225.0,424.0,98.0
89300,603.0,226.0,425.0,98.0
89400,604.0,226.0,424.0,98.0
89500,603.0,225.0,424.0,98.0
89600,604.0,225.0,424.0,97.0
89700,604.0,226.0,424.0,98.0
89800,604.0,226.0,424.0,97.0
89900,604.0,226.0,425.0,97.0
90000,602.0,226.0,424.0,98.0
90100,603.0,226.0,424.0,98.0
90200,603.0,226.0,424.0,98.0
90300,602.0,226.0,423.0,98.0
90400,602.0,225.0,424.0,98.0
90500,601.0,226.0,424.0,97.0
90600,601.0,225.0,424.0,97.0
90700,600.0,225.0,424.0,98.0
90800,600.0,225.0,423.0,97.0
90900,601.0,226.0,423.0,98.0
91000,600.0,225.0,422.0,98.0
91100,600.0,225.0,423.0,97.0
91200,601.0,224.0,423.0,98.0
91300,600.0,225.0,422.0,98.0
91400,599.0,225.0,423.0,97.0
91500,599.0,225.0,422.0,98.0
91600,600.0,225.0,422.0,97.0
91700,601.0,225.0,423.0,97.0
91800,601.0,226.0,422.0,97.0
91900,601.0,224.0,422.0,96.0
92000,602.0,225.0,423.0,97.0
92100,602.0,225.0,423.0,97.0
92200,602.0,226.0,422.0,98.0
92300,602.0,226.0,422.0,97.0
92400,603.0,225.0,421.0,96.0
92500,602.0,225.0,421.0,97.0
92600,603.0,226.0,422.0,97.0
92700,603.0,226.0,421.0,97.0
92800,602.0,225.0,422.0,98.0
92900,602.0,224.0,422.0,97.0
93000,602.0,225.0,422.0,97.0
93100,602.0,225.0,422.0,97.0
93200,602.0,225.0,422.0,97.0
93300,601.0,225.0,421.0,97.0
93400,601.0,225.0,422.0,98.0
93500,601.0,225.0,421.0,97.0
93600,600.0,225.0,422.0,97.0
93700,600.0,224.0,422.0,97.0
93800,600.0,225.0,421.0,97.0
93900,600.0,225.0,421.0,97.0
94000,600.0,225.0,422.0,97.0
94100,599.0,226.0,422.0,98.0
94200,600.0,225.0,421.0,97.0
94300,600.0,224.0,422.0,97.0
94400,601.0,224.0,422.0,98.0
94500,601.0,225.0,422.0,97.0
94600,602.0,225.0,422.0,97.0
94700,601.0,225.0,423.0,97.0
94800,603.0,224.0,422.0,97.0
94900,602.0,225.0,423.0,97.0
95000,603.0,225.0,421.0,98.0
95100,602.0,225.0,422.0,98.0
95200,603.0,225.0,422.0,97.0
95300,603.0,224.0,423.0,97.0
95400,602.0,226.0,423.0,97.0
95500,602.0,225.0,422.0,98.0
95600,603.0,224.0,423.0,97.0
95700,603.0,225.0,422.0,98.0
95800,603.0,225.0,423.0,98.0
95900,603.0,225.0,422.0,97.0
96000,602.0,224.0,422.0,98.0
96100,602.0,224.0,423.0,98.0
96200,602.0,225.0,422.0,97.0
96300,601.0,225.0,421.0,98.0
96400,602.0,224.0,422.0,98.0
96500,601.0,225.0,422.0,97.0
96600,601.0,225.0,421.0,97.0
96700,600.0,225.0,422.0,97.0
96800,601.0,225.0,421.0,98.0
96900,600.0,225.0,421.0,98.0
97000,599.0,225.0,422.0,98.0
97100,600.0,225.0,422.0,97.0
97200,600.0,224.0,422.0,98.0
97300,600.0,224.0,422.0,97.0
97400,601.0,225.0,422.0,98.0
97500,600.0,224.0,422.0,97.0
97600,601.0,226.0,421.0,97.0
97700,602.0,224.0,422.0,98.0
97800,601.0,225.0,422.0,97.0
97900,602.0,224.0,421.0,97.0
98000,602.0,225.0,422.0,97.0
98100,603.0,225.0,421.0,98.0
98200,603.0,225.0,422.0,98.0
98300,602.0,225.0,422.0,97.0
98400,603.0,225.0,421.0,97.0
98500,602.0,226.0,422.0,97.0
98600,602.0,225.0,422.0,98.0
98700,602.0,225.0,421.0,97.0
98800,602.0,225.0,421.0,97.0
98900,602.0,225.0,420.0,97.0
99000,600.0,224.0,421.0,98.0
99100,600.0,224.0,421.0,97.0
99200,600.0,225.0,420.0,97.0
99300,600.0,225.0,421.0,97.0
99400,598.0,225.0,421.0,98.0
99500,599.0,224.0,420.0,97.0
99600,599.0,225.0,420.0,97.0
99700,598.0,225.0,420.0,97.0
99800,599.0,224.0,419.0,98.0
99900,599.0,225.0,420.0,97.0
